<?xml version="1.0" encoding="utf-8" standalone="no"?>
<!DOCTYPE properties SYSTEM "http://java.sun.com/dtd/properties.dtd">
<properties>
	<entry key="key0"><![CDATA[-fx-background-color: \#555555;]]></entry>
	<entry key="key1"><![CDATA[/_Experiments_/appstyle.css]]></entry>
	<entry key="key10"><![CDATA[Icons/FloppyDowncopy.png]]></entry>
	<entry key="key100"><![CDATA[-fx-background-color: \#AABBCC; -fx-background-radius: 10,10;]]></entry>
	<entry key="key101"><![CDATA[/_Experiments_/appstyle.css]]></entry>
	<entry key="key102"><![CDATA[Undergrad]]></entry>
	<entry key="key103"><![CDATA[Name]]></entry>
	<entry key="key104"><![CDATA[Email]]></entry>
	<entry key="key105"><![CDATA[-fx-font-size: 16;]]></entry>
	<entry key="key106"><![CDATA[Add/Edit]]></entry>
	<entry key="key107"><![CDATA[Arial]]></entry>
	<entry key="key108"><![CDATA[Name:]]></entry>
	<entry key="key109"><![CDATA[Email]]></entry>
	<entry key="key11"><![CDATA[-fx-background-color: \#e5d3ff;]]></entry>
	<entry key="key110"><![CDATA[-fx-background-color: \#bddaed; -fx-background-radius: 30,30;]]></entry>
	<entry key="key111"><![CDATA[Name]]></entry>
	<entry key="key112"><![CDATA[-fx-background-color: \#bddaed; -fx-background-radius: 30,30;]]></entry>
	<entry key="key113"><![CDATA[-fx-background-color: \#bddaed; -fx-background-radius: 30,30;]]></entry>
	<entry key="key114"><![CDATA[Add/Update]]></entry>
	<entry key="key115"><![CDATA[-fx-background-color: \#bddaed; -fx-background-radius: 30,30;]]></entry>
	<entry key="key116"><![CDATA[Clear]]></entry>
	<entry key="key117"><![CDATA[Email:]]></entry>
	<entry key="key118"><![CDATA[-fx-background-color: \#336688; -fx-background-radius: 0;]]></entry>
	<entry key="key119"><![CDATA[\#d9f4ff]]></entry>
	<entry key="key12"><![CDATA[Icons/Exportcopy.png]]></entry>
	<entry key="key120"><![CDATA[-fx-font-size: 36;]]></entry>
	<entry key="key121"><![CDATA[Office Hours]]></entry>
	<entry key="key122"><![CDATA[Arial]]></entry>
	<entry key="key123"><![CDATA[-fx-background-color: \#8888FF; -fx-background-radius: 20,20;]]></entry>
	<entry key="key124"><![CDATA[-fx-background-color: \#AABBCC; -fx-background-radius: 10,10;]]></entry>
	<entry key="key125"><![CDATA[/_Experiments_/appstyle.css]]></entry>
	<entry key="key126"><![CDATA[Undergrad]]></entry>
	<entry key="key127"><![CDATA[Name]]></entry>
	<entry key="key128"><![CDATA[Email]]></entry>
	<entry key="key129"><![CDATA[Set Start Time:]]></entry>
	<entry key="key13"><![CDATA[-fx-background-color: \#e5d3ff;]]></entry>
	<entry key="key130"><![CDATA[Set End Time:]]></entry>
	<entry key="key131"><![CDATA[Start Time]]></entry>
	<entry key="key132"><![CDATA[-fx-background-color: \#bddaed; -fx-background-radius: 30,30;]]></entry>
	<entry key="key133"><![CDATA[End Time]]></entry>
	<entry key="key134"><![CDATA[-fx-background-color: \#bddaed; -fx-background-radius: 30,30;]]></entry>
	<entry key="key135"><![CDATA[-fx-background-color: \#99BBFF; -fx-font-size: 15;]]></entry>
	<entry key="key136"><![CDATA[\ Recitation Data]]></entry>
	<entry key="key137"><![CDATA[-fx-background-color: \#336688; -fx-background-radius: 0;]]></entry>
	<entry key="key138"><![CDATA[\#d9f4ff]]></entry>
	<entry key="key139"><![CDATA[-fx-font-size: 36;]]></entry>
	<entry key="key14"><![CDATA[Icons/Undocopy.png]]></entry>
	<entry key="key140"><![CDATA[Recitations]]></entry>
	<entry key="key141"><![CDATA[Arial]]></entry>
	<entry key="key142"><![CDATA[-fx-background-color: \#8888FF; -fx-background-radius: 20,20;]]></entry>
	<entry key="key143"><![CDATA[-fx-background-color: \#AABBCC; -fx-background-radius: 10,10;]]></entry>
	<entry key="key144"><![CDATA[/_Experiments_/appstyle.css]]></entry>
	<entry key="key145"><![CDATA[Section]]></entry>
	<entry key="key146"><![CDATA[Instructor]]></entry>
	<entry key="key147"><![CDATA[Recitation Data]]></entry>
	<entry key="key148"><![CDATA[TA]]></entry>
	<entry key="key149"><![CDATA[TA]]></entry>
	<entry key="key15"><![CDATA[-fx-background-color: \#e5d3ff;]]></entry>
	<entry key="key150"><![CDATA[-fx-background-color: \#8888FF; -fx-background-radius: 20,20;]]></entry>
	<entry key="key151"><![CDATA[-fx-font-size: 16;]]></entry>
	<entry key="key152"><![CDATA[Add/Edit]]></entry>
	<entry key="key153"><![CDATA[Arial]]></entry>
	<entry key="key154"><![CDATA[Section:]]></entry>
	<entry key="key155"><![CDATA[Instructor:]]></entry>
	<entry key="key156"><![CDATA[Day/Time:]]></entry>
	<entry key="key157"><![CDATA[Location:]]></entry>
	<entry key="key158"><![CDATA[]]></entry>
	<entry key="key159"><![CDATA[-fx-background-color: \#bddaed; -fx-background-radius: 30,30;]]></entry>
	<entry key="key16"><![CDATA[Icons/Redocopy.png]]></entry>
	<entry key="key160"><![CDATA[]]></entry>
	<entry key="key161"><![CDATA[-fx-background-color: \#bddaed; -fx-background-radius: 30,30;]]></entry>
	<entry key="key162"><![CDATA[]]></entry>
	<entry key="key163"><![CDATA[-fx-background-color: \#bddaed; -fx-background-radius: 30,30;]]></entry>
	<entry key="key164"><![CDATA[]]></entry>
	<entry key="key165"><![CDATA[-fx-background-color: \#bddaed; -fx-background-radius: 30,30;]]></entry>
	<entry key="key166"><![CDATA[-fx-background-color: \#bddaed; -fx-background-radius: 30,30;]]></entry>
	<entry key="key167"><![CDATA[Add/Update]]></entry>
	<entry key="key168"><![CDATA[-fx-background-color: \#bddaed; -fx-background-radius: 30,30;]]></entry>
	<entry key="key169"><![CDATA[Clear]]></entry>
	<entry key="key17"><![CDATA[-fx-background-color: \#e5d3ff;]]></entry>
	<entry key="key170"><![CDATA[]]></entry>
	<entry key="key171"><![CDATA[-fx-background-color: \#bddaed; -fx-background-radius: 30,30;]]></entry>
	<entry key="key172"><![CDATA[]]></entry>
	<entry key="key173"><![CDATA[-fx-background-color: \#bddaed; -fx-background-radius: 30,30;]]></entry>
	<entry key="key174"><![CDATA[Supervising TA:]]></entry>
	<entry key="key175"><![CDATA[Supervising TA:]]></entry>
	<entry key="key176"><![CDATA[-fx-background-color: \#99BBFF; -fx-font-size: 15;]]></entry>
	<entry key="key177"><![CDATA[\ Schedule Data]]></entry>
	<entry key="key178"><![CDATA[-fx-background-color: \#336688; -fx-background-radius: 0;]]></entry>
	<entry key="key179"><![CDATA[\#d9f4ff]]></entry>
	<entry key="key18"><![CDATA[Icons/Bookcopy.png]]></entry>
	<entry key="key180"><![CDATA[-fx-font-size: 36;]]></entry>
	<entry key="key181"><![CDATA[Schedule]]></entry>
	<entry key="key182"><![CDATA[Arial]]></entry>
	<entry key="key183"><![CDATA[-fx-background-color: \#8888FF; -fx-background-radius: 20,20;]]></entry>
	<entry key="key184"><![CDATA[-fx-font-size: 16;]]></entry>
	<entry key="key185"><![CDATA[Calendar Boundaries]]></entry>
	<entry key="key186"><![CDATA[Arial]]></entry>
	<entry key="key187"><![CDATA[Starting Monday:]]></entry>
	<entry key="key188"><![CDATA[Ending Friday:]]></entry>
	<entry key="key189"><![CDATA[-fx-background-color: bddaed; fx-background-radius: 30,30;]]></entry>
	<entry key="key19"><![CDATA[/_Experiments_/appstyle.css]]></entry>
	<entry key="key190"><![CDATA[-fx-background-color: bddaed; fx-background-radius: 30,30;]]></entry>
	<entry key="key191"><![CDATA[-fx-background-color: \#8888FF; -fx-background-radius: 20,20;]]></entry>
	<entry key="key192"><![CDATA[-fx-font-size: 16;]]></entry>
	<entry key="key193"><![CDATA[Schedule Items:]]></entry>
	<entry key="key194"><![CDATA[Arial]]></entry>
	<entry key="key195"><![CDATA[-fx-background-color: \#AABBCC; -fx-background-radius: 10,10;]]></entry>
	<entry key="key196"><![CDATA[/_Experiments_/appstyle.css]]></entry>
	<entry key="key197"><![CDATA[Type]]></entry>
	<entry key="key198"><![CDATA[Date]]></entry>
	<entry key="key199"><![CDATA[Title]]></entry>
	<entry key="key2"><![CDATA[-fx-background-color: \#6334a8;]]></entry>
	<entry key="key20"><![CDATA[-fx-background-color: \#99BBFF; -fx-font-size: 15;]]></entry>
	<entry key="key200"><![CDATA[Topic]]></entry>
	<entry key="key201"><![CDATA[-fx-background-color: \#8888FF; -fx-background-radius: 20,20;]]></entry>
	<entry key="key202"><![CDATA[-fx-font-size: 16;]]></entry>
	<entry key="key203"><![CDATA[Add/Edit]]></entry>
	<entry key="key204"><![CDATA[Arial]]></entry>
	<entry key="key205"><![CDATA[Type:]]></entry>
	<entry key="key206"><![CDATA[Date:]]></entry>
	<entry key="key207"><![CDATA[Time:]]></entry>
	<entry key="key208"><![CDATA[Title:]]></entry>
	<entry key="key209"><![CDATA[-fx-background-color: \#bddaed; -fx-background-radius: 30,30;]]></entry>
	<entry key="key21"><![CDATA[\ Course Details]]></entry>
	<entry key="key210"><![CDATA[-fx-background-color: \#bddaed; -fx-background-radius: 30,30;]]></entry>
	<entry key="key211"><![CDATA[-fx-background-color: \#bddaed; -fx-background-radius: 30,30;]]></entry>
	<entry key="key212"><![CDATA[SNOW DAY]]></entry>
	<entry key="key213"><![CDATA[-fx-background-color: \#bddaed; -fx-background-radius: 30,30;]]></entry>
	<entry key="key214"><![CDATA[-fx-background-color: \#bddaed; -fx-background-radius: 30,30;]]></entry>
	<entry key="key215"><![CDATA[Add/Update]]></entry>
	<entry key="key216"><![CDATA[-fx-background-color: \#bddaed; -fx-background-radius: 30,30;]]></entry>
	<entry key="key217"><![CDATA[Clear]]></entry>
	<entry key="key218"><![CDATA[Topic:]]></entry>
	<entry key="key219"><![CDATA[Link:]]></entry>
	<entry key="key22"><![CDATA[-fx-background-color: \#336688; -fx-background-radius: 0;]]></entry>
	<entry key="key220"><![CDATA[Criteria:]]></entry>
	<entry key="key221"><![CDATA[-fx-background-color: bddaed; fx-background-radius: 30,30;]]></entry>
	<entry key="key222"><![CDATA[]]></entry>
	<entry key="key223"><![CDATA[-fx-background-color: \#bddaed; -fx-background-radius: 30,30;]]></entry>
	<entry key="key224"><![CDATA[]]></entry>
	<entry key="key225"><![CDATA[-fx-background-color: \#bddaed; -fx-background-radius: 30,30;]]></entry>
	<entry key="key226"><![CDATA[-fx-background-color: \#99BBFF; -fx-font-size: 15;]]></entry>
	<entry key="key227"><![CDATA[\ Project Data]]></entry>
	<entry key="key228"><![CDATA[-fx-background-color: \#336688; -fx-background-radius: 0;]]></entry>
	<entry key="key229"><![CDATA[\#d9f4ff]]></entry>
	<entry key="key23"><![CDATA[\#d9f4ff]]></entry>
	<entry key="key230"><![CDATA[-fx-font-size: 36;]]></entry>
	<entry key="key231"><![CDATA[Projects]]></entry>
	<entry key="key232"><![CDATA[Arial]]></entry>
	<entry key="key233"><![CDATA[-fx-background-color: \#8888FF; -fx-background-radius: 20,20;]]></entry>
	<entry key="key234"><![CDATA[-fx-font-size: 16;]]></entry>
	<entry key="key235"><![CDATA[Teams]]></entry>
	<entry key="key236"><![CDATA[Arial]]></entry>
	<entry key="key237"><![CDATA[-fx-background-color: \#AABBCC; -fx-background-radius: 10,10;]]></entry>
	<entry key="key238"><![CDATA[/_Experiments_/appstyle.css]]></entry>
	<entry key="key239"><![CDATA[Use]]></entry>
	<entry key="key24"><![CDATA[-fx-font-size: 36;]]></entry>
	<entry key="key240"><![CDATA[Navbar Title]]></entry>
	<entry key="key241"><![CDATA[File Name]]></entry>
	<entry key="key242"><![CDATA[Script]]></entry>
	<entry key="key243"><![CDATA[-fx-font-size: 16;]]></entry>
	<entry key="key244"><![CDATA[Add/Edit]]></entry>
	<entry key="key245"><![CDATA[Arial]]></entry>
	<entry key="key246"><![CDATA[Name:]]></entry>
	<entry key="key247"><![CDATA[-fx-background-color: \#bddaed; -fx-background-radius: 30,30;]]></entry>
	<entry key="key248"><![CDATA[-fx-background-color: \#bddaed; -fx-background-radius: 30,30;]]></entry>
	<entry key="key249"><![CDATA[-fx-background-color: \#bddaed; -fx-background-radius: 30,30;]]></entry>
	<entry key="key25"><![CDATA[Course Details]]></entry>
	<entry key="key250"><![CDATA[Add/Update]]></entry>
	<entry key="key251"><![CDATA[-fx-background-color: \#bddaed; -fx-background-radius: 30,30;]]></entry>
	<entry key="key252"><![CDATA[Clear]]></entry>
	<entry key="key253"><![CDATA[Color:]]></entry>
	<entry key="key254"><![CDATA[Link:]]></entry>
	<entry key="key255"><![CDATA[TextColor:]]></entry>
	<entry key="key256"><![CDATA[\#235399]]></entry>
	<entry key="key257"><![CDATA[\ \ \ \ \ \ \#235399]]></entry>
	<entry key="key258"><![CDATA[\ \ \ \ \ \ \ \ \#ffffff]]></entry>
	<entry key="key259"><![CDATA[-fx-background-color: \#8888FF; -fx-background-radius: 20,20;]]></entry>
	<entry key="key26"><![CDATA[Arial]]></entry>
	<entry key="key260"><![CDATA[-fx-font-size: 16;]]></entry>
	<entry key="key261"><![CDATA[Students]]></entry>
	<entry key="key262"><![CDATA[Arial]]></entry>
	<entry key="key263"><![CDATA[-fx-background-color: \#AABBCC; -fx-background-radius: 10,10;]]></entry>
	<entry key="key264"><![CDATA[/_Experiments_/appstyle.css]]></entry>
	<entry key="key265"><![CDATA[First Name]]></entry>
	<entry key="key266"><![CDATA[Last Name]]></entry>
	<entry key="key267"><![CDATA[Team]]></entry>
	<entry key="key268"><![CDATA[Role]]></entry>
	<entry key="key269"><![CDATA[-fx-font-size: 16;]]></entry>
	<entry key="key27"><![CDATA[-fx-background-color: \#8888FF; -fx-background-radius: 20,20;]]></entry>
	<entry key="key270"><![CDATA[Add/Edit]]></entry>
	<entry key="key271"><![CDATA[Arial]]></entry>
	<entry key="key272"><![CDATA[First Name:]]></entry>
	<entry key="key273"><![CDATA[Last Name:]]></entry>
	<entry key="key274"><![CDATA[-fx-background-color: \#bddaed; -fx-background-radius: 30,30;]]></entry>
	<entry key="key275"><![CDATA[-fx-background-color: \#bddaed; -fx-background-radius: 30,30;]]></entry>
	<entry key="key276"><![CDATA[]]></entry>
	<entry key="key277"><![CDATA[-fx-background-color: \#bddaed; -fx-background-radius: 30,30;]]></entry>
	<entry key="key278"><![CDATA[-fx-background-color: \#bddaed; -fx-background-radius: 30,30;]]></entry>
	<entry key="key279"><![CDATA[Add/Update]]></entry>
	<entry key="key28"><![CDATA[-fx-font-size: 16;]]></entry>
	<entry key="key280"><![CDATA[-fx-background-color: \#bddaed; -fx-background-radius: 30,30;]]></entry>
	<entry key="key281"><![CDATA[Clear]]></entry>
	<entry key="key282"><![CDATA[Team:]]></entry>
	<entry key="key283"><![CDATA[Role:]]></entry>
	<entry key="key284"><![CDATA[http://funnybizblog.com/funny-stuff/calvin-hobbes-snowman-cartoons]]></entry>
	<entry key="key285"><![CDATA[-fx-background-color: \#bddaed; -fx-background-radius: 30,30;]]></entry>
	<entry key="key29"><![CDATA[Course Info]]></entry>
	<entry key="key3"><![CDATA[-fx-background-color: \#e5d3ff;]]></entry>
	<entry key="key30"><![CDATA[Arial]]></entry>
	<entry key="key31"><![CDATA[Subject:]]></entry>
	<entry key="key32"><![CDATA[Semester:]]></entry>
	<entry key="key33"><![CDATA[Number:]]></entry>
	<entry key="key34"><![CDATA[Year:]]></entry>
	<entry key="key35"><![CDATA[Title:]]></entry>
	<entry key="key36"><![CDATA[Instructor Name:]]></entry>
	<entry key="key37"><![CDATA[Instructor Home:]]></entry>
	<entry key="key38"><![CDATA[Export Dir:]]></entry>
	<entry key="key39"><![CDATA[]]></entry>
	<entry key="key4"><![CDATA[Icons/Newcopy.png]]></entry>
	<entry key="key40"><![CDATA[-fx-background-color: \#bddaed; -fx-background-radius: 30,30;]]></entry>
	<entry key="key41"><![CDATA[]]></entry>
	<entry key="key42"><![CDATA[-fx-background-color: \#bddaed; -fx-background-radius: 30,30;]]></entry>
	<entry key="key43"><![CDATA[]]></entry>
	<entry key="key44"><![CDATA[-fx-background-color: \#bddaed; -fx-background-radius: 30,30;]]></entry>
	<entry key="key45"><![CDATA[]]></entry>
	<entry key="key46"><![CDATA[-fx-background-color: \#bddaed; -fx-background-radius: 30,30;]]></entry>
	<entry key="key47"><![CDATA[]]></entry>
	<entry key="key48"><![CDATA[-fx-background-color: \#bddaed; -fx-background-radius: 30,30;]]></entry>
	<entry key="key49"><![CDATA[]]></entry>
	<entry key="key5"><![CDATA[-fx-background-color: \#e5d3ff;]]></entry>
	<entry key="key50"><![CDATA[-fx-background-color: \#bddaed; -fx-background-radius: 30,30;]]></entry>
	<entry key="key51"><![CDATA[]]></entry>
	<entry key="key52"><![CDATA[-fx-background-color: \#bddaed; -fx-background-radius: 30,30;]]></entry>
	<entry key="key53"><![CDATA[_ _ _ _ _ _ _ _ _ _ _ _]]></entry>
	<entry key="key54"><![CDATA[-fx-background-color: \#bddaed; -fx-background-radius: 30,30;]]></entry>
	<entry key="key55"><![CDATA[Change]]></entry>
	<entry key="key56"><![CDATA[-fx-background-color: \#8888FF; -fx-background-radius: 20,20;]]></entry>
	<entry key="key57"><![CDATA[-fx-font-size: 16;]]></entry>
	<entry key="key58"><![CDATA[Site Template]]></entry>
	<entry key="key59"><![CDATA[-fx-font-size: 11;]]></entry>
	<entry key="key6"><![CDATA[Icons/Foldercopy.png]]></entry>
	<entry key="key60"><![CDATA[The selected directory should contain the full site template, including the HTML files]]></entry>
	<entry key="key61"><![CDATA[-fx-background-color: \#bddaed; -fx-background-radius: 30,30;]]></entry>
	<entry key="key62"><![CDATA[Change]]></entry>
	<entry key="key63"><![CDATA[_ _ _ _ _ _ _ _ _ _ _ _]]></entry>
	<entry key="key64"><![CDATA[Template Dir:]]></entry>
	<entry key="key65"><![CDATA[-fx-background-color: \#AABBCC; -fx-background-radius: 10,10;]]></entry>
	<entry key="key66"><![CDATA[/_Experiments_/appstyle.css]]></entry>
	<entry key="key67"><![CDATA[Use]]></entry>
	<entry key="key68"><![CDATA[Navbar Title]]></entry>
	<entry key="key69"><![CDATA[File Name]]></entry>
	<entry key="key7"><![CDATA[-fx-background-color: \#e5d3ff;]]></entry>
	<entry key="key70"><![CDATA[Script]]></entry>
	<entry key="key71"><![CDATA[Site Pages:]]></entry>
	<entry key="key72"><![CDATA[-fx-background-color: \#8888FF; -fx-background-radius: 20,20;]]></entry>
	<entry key="key73"><![CDATA[-fx-font-size: 16;]]></entry>
	<entry key="key74"><![CDATA[Page Style]]></entry>
	<entry key="key75"><![CDATA[Right Footer Image:]]></entry>
	<entry key="key76"><![CDATA[-fx-background-color: \#bddaed; -fx-background-radius: 30,30;]]></entry>
	<entry key="key77"><![CDATA[Change]]></entry>
	<entry key="key78"><![CDATA[bannerimmage.png]]></entry>
	<entry key="key79"><![CDATA[Right Footer Image:]]></entry>
	<entry key="key8"><![CDATA[Icons/Floppycopy.png]]></entry>
	<entry key="key80"><![CDATA[Right Footer Image:]]></entry>
	<entry key="key81"><![CDATA[bannerimmage.png]]></entry>
	<entry key="key82"><![CDATA[bannerimmage.png]]></entry>
	<entry key="key83"><![CDATA[-fx-background-color: \#bddaed; -fx-background-radius: 30,30;]]></entry>
	<entry key="key84"><![CDATA[Change]]></entry>
	<entry key="key85"><![CDATA[-fx-background-color: \#bddaed; -fx-background-radius: 30,30;]]></entry>
	<entry key="key86"><![CDATA[Change]]></entry>
	<entry key="key87"><![CDATA[Stylesheet:]]></entry>
	<entry key="key88"><![CDATA[]]></entry>
	<entry key="key89"><![CDATA[-fx-background-color: \#bddaed; -fx-background-radius: 30,30;]]></entry>
	<entry key="key9"><![CDATA[-fx-background-color: \#e5d3ff;]]></entry>
	<entry key="key90"><![CDATA[-fx-font-size: 11;]]></entry>
	<entry key="key91"><![CDATA[NOTE: New stylesheets may be placed in work/css to be selectable]]></entry>
	<entry key="key92"><![CDATA[-fx-background-color: \#99BBFF; -fx-font-size: 15;]]></entry>
	<entry key="key93"><![CDATA[\ TA Data]]></entry>
	<entry key="key94"><![CDATA[-fx-background-color: \#336688; -fx-background-radius: 0;]]></entry>
	<entry key="key95"><![CDATA[\#d9f4ff]]></entry>
	<entry key="key96"><![CDATA[-fx-font-size: 36;]]></entry>
	<entry key="key97"><![CDATA[Teaching Assistants]]></entry>
	<entry key="key98"><![CDATA[Arial]]></entry>
	<entry key="key99"><![CDATA[-fx-background-color: \#8888FF; -fx-background-radius: 20,20;]]></entry>
</properties>